UserID,Username,AgeGroup,Country,Verified
1,@user1,Senior,India,True
2,@user2,Senior,UK,False
3,@user3,Adult,UK,True
4,@user4,Teen,Germany,True
5,@user5,Adult,Germany,True
6,@user6,Teen,Canada,False
7,@user7,Senior,Germany,True
8,@user8,Senior,India,False
9,@user9,Teen,Germany,False
10,@user10,Senior,Canada,True
11,@user11,Adult,Germany,True
12,@user12,Senior,UK,False
13,@user13,Adult,India,False
14,@user14,Adult,US,False
15,@user15,Teen,UK,True
16,@user16,Senior,Germany,False
17,@user17,Senior,US,False
18,@user18,Senior,US,False
19,@user19,Senior,Canada,True
20,@user20,Teen,US,True
21,@user21,Senior,Canada,True
22,@user22,Senior,Germany,True
23,@user23,Senior,India,True
24,@user24,Senior,UK,False
25,@user25,Teen,India,True
26,@user26,Teen,India,True
27,@user27,Senior,Canada,True
28,@user28,Teen,Germany,True
29,@user29,Teen,Germany,True
30,@user30,Senior,Germany,True
31,@user31,Adult,US,True
32,@user32,Senior,India,True
33,@user33,Teen,Germany,False
34,@user34,Adult,Germany,False
35,@user35,Teen,Canada,False
36,@user36,Adult,India,False
37,@user37,Adult,Germany,False
38,@user38,Senior,India,False
39,@user39,Senior,India,False
40,@user40,Senior,US,False
41,@user41,Adult,Canada,True
42,@user42,Adult,US,True
43,@user43,Teen,Canada,False
44,@user44,Senior,India,False
45,@user45,Adult,India,True
46,@user46,Senior,US,True
47,@user47,Teen,US,True
48,@user48,Adult,Canada,False
49,@user49,Senior,Germany,False
50,@user50,Teen,US,True
51,@user51,Adult,UK,False
52,@user52,Senior,Germany,False
53,@user53,Teen,Canada,False
54,@user54,Teen,Germany,False
55,@user55,Senior,Germany,True
56,@user56,Senior,Canada,False
57,@user57,Teen,US,True
58,@user58,Teen,Canada,True
59,@user59,Senior,US,False
60,@user60,Adult,Canada,True
61,@user61,Senior,Canada,True
62,@user62,Senior,US,True
63,@user63,Adult,US,False
64,@user64,Teen,Canada,True
65,@user65,Adult,UK,True
66,@user66,Senior,Germany,False
67,@user67,Teen,Canada,True
68,@user68,Adult,India,False
69,@user69,Adult,Canada,True
70,@user70,Senior,UK,True
71,@user71,Teen,US,False
72,@user72,Senior,Canada,False
73,@user73,Senior,Canada,False
74,@user74,Adult,Canada,True
75,@user75,Senior,Canada,False
76,@user76,Senior,Canada,False
77,@user77,Adult,Canada,True
78,@user78,Senior,Canada,True
79,@user79,Teen,India,True
80,@user80,Teen,UK,True
81,@user81,Teen,UK,True
82,@user82,Senior,Germany,True
83,@user83,Teen,India,False
84,@user84,Senior,Canada,False
85,@user85,Senior,India,True
86,@user86,Adult,US,True
87,@user87,Adult,UK,False
88,@user88,Adult,UK,False
89,@user89,Senior,India,False
90,@user90,Teen,Canada,False
91,@user91,Senior,Canada,False
92,@user92,Adult,Germany,True
93,@user93,Adult,US,False
94,@user94,Adult,India,False
95,@user95,Teen,Germany,False
96,@user96,Teen,US,False
97,@user97,Adult,Germany,True
98,@user98,Senior,UK,False
99,@user99,Adult,India,True
100,@user100,Adult,India,False
